term,estimate,std.error,statistic,p.value
(Intercept),2.09264367420417,0.014200035466852558,147.3689047530249,0
population,0.38592637232507937,0.014401288584006713,26.79804449955042,3.4053313281103353e-158
suit_rate,0.265782805949394,0.014507390711057805,18.32051064474395,5.677759761637199e-75
daily_solar_radiation,1.054994994098226,0.014211023642579158,74.23779036840409,0
